,Log.Median.Scalar.Body,Log.Median.Scalar.Brain,Group,Taxa.List
1,0,0,Mesozoic,Morganucodon_sp.
2,-0.803734675,0,Mesozoic,"Acmeodon_secans,Adapis_parisiensis,Agriochoerus_sp.,Alcidedorbignya_inopinata,Amynodon_advenus,Anisonchus_sectorus,Anoplotherium_sp.,Arctocyon_primaevus,Arctocyonides_arenae,Asioryctes_nemegetensis,Basilosaurus_cetoides,Basilosaurus_isis,Bathygenys_reevesi,Cebochoerus_sp.,Chriacus_baldwini,Chulsanbaatar_vulgaris,Claenodon_ferox,Coryphodon_elephantopus,Coryphodon_hamatus,Cynohyaenodon_cayluxi,Dacrytherium_sp.,Dalanistes_ahmedi,Diacodexis_ilicis,Dichobune_leporina,Dinictis_felina,Diplobune_sp.,Dorudon_atrox,Ectoconus_ditrigonus,Ectoganus_copei,Eoryctes_melanus,Eotylopus_sp.,Hadrocodium_wui,Heptodon_posticus,Homacodon_vagans,Hyaenodon_horridus,Hyopsodus_lepidus,Hyopsodus_miticulus,Hyopsodus_paulus,Hyrachyus_modestus,Xenicohippus_osborni,Ignacius_graybullianus,Kennalestes_gobiensis,Kryptobaatar_dashzevegi,Labidolemur_kayi,Leptictis_sp.,Leptolambda_schmidti,Leptotragulus_sp.,Litovoi_tholocephalos,Loxolophus_priscus,Meniscotherium_chamense,Mesatirhinus_junius,Mesonyx_obtusidens,Metacheiromys_marshi,Miacis_sylvestris,Microchoerus_erinaceus,Microsyops_annectens,Moeritherium_lyonsi,Mouillacitherium_elegans,Necrolemur_antiquus,Notharctus_tenebrosus,Notostylops_murinus,Oldfieldthomasia_debilitata,Onychodectes_tisonensis,Oodectes_herpestoides,Oxacron_sp.,Palaeophyllophora_oltina,Palaeophyllophora_quercyi,Palaeosyops_robustus,Pantolambda_bathmodon,Paramys_copei,Paramys_delicatus,Phenacodus_primaevus,Phenacodus_wortmani,Plesiadapis_cookei,Plesiadapis_tricuspidens,Pleuraspidotherium_aumonieri,Prohesperocyon_wilsoni,Prorastomus_sirenoides,Protoreodon_petersoni,Protylopus_sp.,Pseudotomus_hians,Pseudotomus_horribilis,Pseudotomus_oweni,Pseudotomus_petersoni,Pterodon_dasyuroides,Ptilodus_montanus,Pucadelphys_andinus,Rapamys_atramontis,Reithroparamys_delicatissimus,Rhyphodon_lankesteri,Robiacina_lavergnensis,Rodhocetus_kasrani,Rooneyia_viejaensis,Saghacetus_osiris,Seggeurius_amourensis,Sinopa_lania,Smilodectes_gracilis,Tapirulus_hyracinus,Tetheopsis_ingens,Tetraclaenodon_pliciferus,Thinocyon_velox,Titanoides_primaevus,Triconodon_mordax,Tritemnodon_agilis,Trogosus_grangeri,Trogosus_hillsii,Uintatherium_anceps,Vincelestes_neuquenianus,Vintana_sertichi,Viverravus_minutus,Vulpavus_ovatus,Vulpavus_profectus,Xenicohippus_sp.,Zalambdalestes_lechei,Zygorhiza_kochii"
3,-0.814336777,0,Mesozoic,Hadrocodium_wui
4,1.082751738,0,Mesozoic,"Acmeodon_secans,Adapis_parisiensis,Agriochoerus_sp.,Alcidedorbignya_inopinata,Amynodon_advenus,Anisonchus_sectorus,Anoplotherium_sp.,Arctocyon_primaevus,Arctocyonides_arenae,Asioryctes_nemegetensis,Basilosaurus_cetoides,Basilosaurus_isis,Bathygenys_reevesi,Cebochoerus_sp.,Chriacus_baldwini,Chulsanbaatar_vulgaris,Claenodon_ferox,Coryphodon_elephantopus,Coryphodon_hamatus,Cynohyaenodon_cayluxi,Dacrytherium_sp.,Dalanistes_ahmedi,Diacodexis_ilicis,Dichobune_leporina,Dinictis_felina,Diplobune_sp.,Dorudon_atrox,Ectoconus_ditrigonus,Ectoganus_copei,Eoryctes_melanus,Eotylopus_sp.,Heptodon_posticus,Homacodon_vagans,Hyaenodon_horridus,Hyopsodus_lepidus,Hyopsodus_miticulus,Hyopsodus_paulus,Hyrachyus_modestus,Xenicohippus_osborni,Ignacius_graybullianus,Kennalestes_gobiensis,Kryptobaatar_dashzevegi,Labidolemur_kayi,Leptictis_sp.,Leptolambda_schmidti,Leptotragulus_sp.,Litovoi_tholocephalos,Loxolophus_priscus,Meniscotherium_chamense,Mesatirhinus_junius,Mesonyx_obtusidens,Metacheiromys_marshi,Miacis_sylvestris,Microchoerus_erinaceus,Microsyops_annectens,Moeritherium_lyonsi,Mouillacitherium_elegans,Necrolemur_antiquus,Notharctus_tenebrosus,Notostylops_murinus,Oldfieldthomasia_debilitata,Onychodectes_tisonensis,Oodectes_herpestoides,Oxacron_sp.,Palaeophyllophora_oltina,Palaeophyllophora_quercyi,Palaeosyops_robustus,Pantolambda_bathmodon,Paramys_copei,Paramys_delicatus,Phenacodus_primaevus,Phenacodus_wortmani,Plesiadapis_cookei,Plesiadapis_tricuspidens,Pleuraspidotherium_aumonieri,Prohesperocyon_wilsoni,Prorastomus_sirenoides,Protoreodon_petersoni,Protylopus_sp.,Pseudotomus_hians,Pseudotomus_horribilis,Pseudotomus_oweni,Pseudotomus_petersoni,Pterodon_dasyuroides,Ptilodus_montanus,Pucadelphys_andinus,Rapamys_atramontis,Reithroparamys_delicatissimus,Rhyphodon_lankesteri,Robiacina_lavergnensis,Rodhocetus_kasrani,Rooneyia_viejaensis,Saghacetus_osiris,Seggeurius_amourensis,Sinopa_lania,Smilodectes_gracilis,Tapirulus_hyracinus,Tetheopsis_ingens,Tetraclaenodon_pliciferus,Thinocyon_velox,Titanoides_primaevus,Triconodon_mordax,Tritemnodon_agilis,Trogosus_grangeri,Trogosus_hillsii,Uintatherium_anceps,Vincelestes_neuquenianus,Vintana_sertichi,Viverravus_minutus,Vulpavus_ovatus,Vulpavus_profectus,Xenicohippus_sp.,Zalambdalestes_lechei,Zygorhiza_kochii"
5,1.08445069,0,Mesozoic,Triconodon_mordax
6,2.072179508,0,Mesozoic,"Acmeodon_secans,Adapis_parisiensis,Agriochoerus_sp.,Alcidedorbignya_inopinata,Amynodon_advenus,Anisonchus_sectorus,Anoplotherium_sp.,Arctocyon_primaevus,Arctocyonides_arenae,Asioryctes_nemegetensis,Basilosaurus_cetoides,Basilosaurus_isis,Bathygenys_reevesi,Cebochoerus_sp.,Chriacus_baldwini,Chulsanbaatar_vulgaris,Claenodon_ferox,Coryphodon_elephantopus,Coryphodon_hamatus,Cynohyaenodon_cayluxi,Dacrytherium_sp.,Dalanistes_ahmedi,Diacodexis_ilicis,Dichobune_leporina,Dinictis_felina,Diplobune_sp.,Dorudon_atrox,Ectoconus_ditrigonus,Ectoganus_copei,Eoryctes_melanus,Eotylopus_sp.,Heptodon_posticus,Homacodon_vagans,Hyaenodon_horridus,Hyopsodus_lepidus,Hyopsodus_miticulus,Hyopsodus_paulus,Hyrachyus_modestus,Xenicohippus_osborni,Ignacius_graybullianus,Kennalestes_gobiensis,Kryptobaatar_dashzevegi,Labidolemur_kayi,Leptictis_sp.,Leptolambda_schmidti,Leptotragulus_sp.,Litovoi_tholocephalos,Loxolophus_priscus,Meniscotherium_chamense,Mesatirhinus_junius,Mesonyx_obtusidens,Metacheiromys_marshi,Miacis_sylvestris,Microchoerus_erinaceus,Microsyops_annectens,Moeritherium_lyonsi,Mouillacitherium_elegans,Necrolemur_antiquus,Notharctus_tenebrosus,Notostylops_murinus,Oldfieldthomasia_debilitata,Onychodectes_tisonensis,Oodectes_herpestoides,Oxacron_sp.,Palaeophyllophora_oltina,Palaeophyllophora_quercyi,Palaeosyops_robustus,Pantolambda_bathmodon,Paramys_copei,Paramys_delicatus,Phenacodus_primaevus,Phenacodus_wortmani,Plesiadapis_cookei,Plesiadapis_tricuspidens,Pleuraspidotherium_aumonieri,Prohesperocyon_wilsoni,Prorastomus_sirenoides,Protoreodon_petersoni,Protylopus_sp.,Pseudotomus_hians,Pseudotomus_horribilis,Pseudotomus_oweni,Pseudotomus_petersoni,Pterodon_dasyuroides,Ptilodus_montanus,Pucadelphys_andinus,Rapamys_atramontis,Reithroparamys_delicatissimus,Rhyphodon_lankesteri,Robiacina_lavergnensis,Rodhocetus_kasrani,Rooneyia_viejaensis,Saghacetus_osiris,Seggeurius_amourensis,Sinopa_lania,Smilodectes_gracilis,Tapirulus_hyracinus,Tetheopsis_ingens,Tetraclaenodon_pliciferus,Thinocyon_velox,Titanoides_primaevus,Tritemnodon_agilis,Trogosus_grangeri,Trogosus_hillsii,Uintatherium_anceps,Vincelestes_neuquenianus,Vintana_sertichi,Viverravus_minutus,Vulpavus_ovatus,Vulpavus_profectus,Xenicohippus_sp.,Zalambdalestes_lechei,Zygorhiza_kochii"
7,-2.12762047,0,Mesozoic,"Chulsanbaatar_vulgaris,Kryptobaatar_dashzevegi,Litovoi_tholocephalos,Ptilodus_montanus,Vintana_sertichi"
8,3.626691646,1.464935387,Mesozoic,Vintana_sertichi
9,-2.132707515,0,Mesozoic,"Chulsanbaatar_vulgaris,Kryptobaatar_dashzevegi,Litovoi_tholocephalos,Ptilodus_montanus"
10,2.122505602,0,Mesozoic,Litovoi_tholocephalos
11,-2.12840778,0,Mesozoic,"Chulsanbaatar_vulgaris,Kryptobaatar_dashzevegi,Ptilodus_montanus"
12,2.120677248,0,Paleocene,Ptilodus_montanus
13,-2.131184869,0,Mesozoic,"Chulsanbaatar_vulgaris,Kryptobaatar_dashzevegi"
14,-2.127188262,0,Mesozoic,Chulsanbaatar_vulgaris
15,2.123022948,0,Mesozoic,Kryptobaatar_dashzevegi
16,2.089159738,0,Mesozoic,"Acmeodon_secans,Adapis_parisiensis,Agriochoerus_sp.,Alcidedorbignya_inopinata,Amynodon_advenus,Anisonchus_sectorus,Anoplotherium_sp.,Arctocyon_primaevus,Arctocyonides_arenae,Asioryctes_nemegetensis,Basilosaurus_cetoides,Basilosaurus_isis,Bathygenys_reevesi,Cebochoerus_sp.,Chriacus_baldwini,Claenodon_ferox,Coryphodon_elephantopus,Coryphodon_hamatus,Cynohyaenodon_cayluxi,Dacrytherium_sp.,Dalanistes_ahmedi,Diacodexis_ilicis,Dichobune_leporina,Dinictis_felina,Diplobune_sp.,Dorudon_atrox,Ectoconus_ditrigonus,Ectoganus_copei,Eoryctes_melanus,Eotylopus_sp.,Heptodon_posticus,Homacodon_vagans,Hyaenodon_horridus,Hyopsodus_lepidus,Hyopsodus_miticulus,Hyopsodus_paulus,Hyrachyus_modestus,Xenicohippus_osborni,Ignacius_graybullianus,Kennalestes_gobiensis,Labidolemur_kayi,Leptictis_sp.,Leptolambda_schmidti,Leptotragulus_sp.,Loxolophus_priscus,Meniscotherium_chamense,Mesatirhinus_junius,Mesonyx_obtusidens,Metacheiromys_marshi,Miacis_sylvestris,Microchoerus_erinaceus,Microsyops_annectens,Moeritherium_lyonsi,Mouillacitherium_elegans,Necrolemur_antiquus,Notharctus_tenebrosus,Notostylops_murinus,Oldfieldthomasia_debilitata,Onychodectes_tisonensis,Oodectes_herpestoides,Oxacron_sp.,Palaeophyllophora_oltina,Palaeophyllophora_quercyi,Palaeosyops_robustus,Pantolambda_bathmodon,Paramys_copei,Paramys_delicatus,Phenacodus_primaevus,Phenacodus_wortmani,Plesiadapis_cookei,Plesiadapis_tricuspidens,Pleuraspidotherium_aumonieri,Prohesperocyon_wilsoni,Prorastomus_sirenoides,Protoreodon_petersoni,Protylopus_sp.,Pseudotomus_hians,Pseudotomus_horribilis,Pseudotomus_oweni,Pseudotomus_petersoni,Pterodon_dasyuroides,Pucadelphys_andinus,Rapamys_atramontis,Reithroparamys_delicatissimus,Rhyphodon_lankesteri,Robiacina_lavergnensis,Rodhocetus_kasrani,Rooneyia_viejaensis,Saghacetus_osiris,Seggeurius_amourensis,Sinopa_lania,Smilodectes_gracilis,Tapirulus_hyracinus,Tetheopsis_ingens,Tetraclaenodon_pliciferus,Thinocyon_velox,Titanoides_primaevus,Tritemnodon_agilis,Trogosus_grangeri,Trogosus_hillsii,Uintatherium_anceps,Vincelestes_neuquenianus,Viverravus_minutus,Vulpavus_ovatus,Vulpavus_profectus,Xenicohippus_sp.,Zalambdalestes_lechei,Zygorhiza_kochii"
17,2.095287338,0,Mesozoic,Vincelestes_neuquenianus
18,-2.09569623,0,Mesozoic,"Acmeodon_secans,Adapis_parisiensis,Agriochoerus_sp.,Alcidedorbignya_inopinata,Amynodon_advenus,Anisonchus_sectorus,Anoplotherium_sp.,Arctocyon_primaevus,Arctocyonides_arenae,Asioryctes_nemegetensis,Basilosaurus_cetoides,Basilosaurus_isis,Bathygenys_reevesi,Cebochoerus_sp.,Chriacus_baldwini,Claenodon_ferox,Coryphodon_elephantopus,Coryphodon_hamatus,Cynohyaenodon_cayluxi,Dacrytherium_sp.,Dalanistes_ahmedi,Diacodexis_ilicis,Dichobune_leporina,Dinictis_felina,Diplobune_sp.,Dorudon_atrox,Ectoconus_ditrigonus,Ectoganus_copei,Eoryctes_melanus,Eotylopus_sp.,Heptodon_posticus,Homacodon_vagans,Hyaenodon_horridus,Hyopsodus_lepidus,Hyopsodus_miticulus,Hyopsodus_paulus,Hyrachyus_modestus,Xenicohippus_osborni,Ignacius_graybullianus,Kennalestes_gobiensis,Labidolemur_kayi,Leptictis_sp.,Leptolambda_schmidti,Leptotragulus_sp.,Loxolophus_priscus,Meniscotherium_chamense,Mesatirhinus_junius,Mesonyx_obtusidens,Metacheiromys_marshi,Miacis_sylvestris,Microchoerus_erinaceus,Microsyops_annectens,Moeritherium_lyonsi,Mouillacitherium_elegans,Necrolemur_antiquus,Notharctus_tenebrosus,Notostylops_murinus,Oldfieldthomasia_debilitata,Onychodectes_tisonensis,Oodectes_herpestoides,Oxacron_sp.,Palaeophyllophora_oltina,Palaeophyllophora_quercyi,Palaeosyops_robustus,Pantolambda_bathmodon,Paramys_copei,Paramys_delicatus,Phenacodus_primaevus,Phenacodus_wortmani,Plesiadapis_cookei,Plesiadapis_tricuspidens,Pleuraspidotherium_aumonieri,Prohesperocyon_wilsoni,Prorastomus_sirenoides,Protoreodon_petersoni,Protylopus_sp.,Pseudotomus_hians,Pseudotomus_horribilis,Pseudotomus_oweni,Pseudotomus_petersoni,Pterodon_dasyuroides,Pucadelphys_andinus,Rapamys_atramontis,Reithroparamys_delicatissimus,Rhyphodon_lankesteri,Robiacina_lavergnensis,Rodhocetus_kasrani,Rooneyia_viejaensis,Saghacetus_osiris,Seggeurius_amourensis,Sinopa_lania,Smilodectes_gracilis,Tapirulus_hyracinus,Tetheopsis_ingens,Tetraclaenodon_pliciferus,Thinocyon_velox,Titanoides_primaevus,Tritemnodon_agilis,Trogosus_grangeri,Trogosus_hillsii,Uintatherium_anceps,Viverravus_minutus,Vulpavus_ovatus,Vulpavus_profectus,Xenicohippus_sp.,Zalambdalestes_lechei,Zygorhiza_kochii"
19,-2.092988088,0,Paleocene,Pucadelphys_andinus
20,-2.130421239,0,Mesozoic,"Acmeodon_secans,Adapis_parisiensis,Agriochoerus_sp.,Alcidedorbignya_inopinata,Amynodon_advenus,Anisonchus_sectorus,Anoplotherium_sp.,Arctocyon_primaevus,Arctocyonides_arenae,Asioryctes_nemegetensis,Basilosaurus_cetoides,Basilosaurus_isis,Bathygenys_reevesi,Cebochoerus_sp.,Chriacus_baldwini,Claenodon_ferox,Coryphodon_elephantopus,Coryphodon_hamatus,Cynohyaenodon_cayluxi,Dacrytherium_sp.,Dalanistes_ahmedi,Diacodexis_ilicis,Dichobune_leporina,Dinictis_felina,Diplobune_sp.,Dorudon_atrox,Ectoconus_ditrigonus,Ectoganus_copei,Eoryctes_melanus,Eotylopus_sp.,Heptodon_posticus,Homacodon_vagans,Hyaenodon_horridus,Hyopsodus_lepidus,Hyopsodus_miticulus,Hyopsodus_paulus,Hyrachyus_modestus,Xenicohippus_osborni,Ignacius_graybullianus,Kennalestes_gobiensis,Labidolemur_kayi,Leptictis_sp.,Leptolambda_schmidti,Leptotragulus_sp.,Loxolophus_priscus,Meniscotherium_chamense,Mesatirhinus_junius,Mesonyx_obtusidens,Metacheiromys_marshi,Miacis_sylvestris,Microchoerus_erinaceus,Microsyops_annectens,Moeritherium_lyonsi,Mouillacitherium_elegans,Necrolemur_antiquus,Notharctus_tenebrosus,Notostylops_murinus,Oldfieldthomasia_debilitata,Onychodectes_tisonensis,Oodectes_herpestoides,Oxacron_sp.,Palaeophyllophora_oltina,Palaeophyllophora_quercyi,Palaeosyops_robustus,Pantolambda_bathmodon,Paramys_copei,Paramys_delicatus,Phenacodus_primaevus,Phenacodus_wortmani,Plesiadapis_cookei,Plesiadapis_tricuspidens,Pleuraspidotherium_aumonieri,Prohesperocyon_wilsoni,Prorastomus_sirenoides,Protoreodon_petersoni,Protylopus_sp.,Pseudotomus_hians,Pseudotomus_horribilis,Pseudotomus_oweni,Pseudotomus_petersoni,Pterodon_dasyuroides,Rapamys_atramontis,Reithroparamys_delicatissimus,Rhyphodon_lankesteri,Robiacina_lavergnensis,Rodhocetus_kasrani,Rooneyia_viejaensis,Saghacetus_osiris,Seggeurius_amourensis,Sinopa_lania,Smilodectes_gracilis,Tapirulus_hyracinus,Tetheopsis_ingens,Tetraclaenodon_pliciferus,Thinocyon_velox,Titanoides_primaevus,Tritemnodon_agilis,Trogosus_grangeri,Trogosus_hillsii,Uintatherium_anceps,Viverravus_minutus,Vulpavus_ovatus,Vulpavus_profectus,Xenicohippus_sp.,Zalambdalestes_lechei,Zygorhiza_kochii"
21,-2.1321042,0,Mesozoic,"Asioryctes_nemegetensis,Kennalestes_gobiensis"
22,-2.129722286,0,Mesozoic,Asioryctes_nemegetensis
23,-2.12601808,0,Mesozoic,Kennalestes_gobiensis
24,2.253833378,0,Mesozoic,"Acmeodon_secans,Adapis_parisiensis,Agriochoerus_sp.,Alcidedorbignya_inopinata,Amynodon_advenus,Anisonchus_sectorus,Anoplotherium_sp.,Arctocyon_primaevus,Arctocyonides_arenae,Basilosaurus_cetoides,Basilosaurus_isis,Bathygenys_reevesi,Cebochoerus_sp.,Chriacus_baldwini,Claenodon_ferox,Coryphodon_elephantopus,Coryphodon_hamatus,Cynohyaenodon_cayluxi,Dacrytherium_sp.,Dalanistes_ahmedi,Diacodexis_ilicis,Dichobune_leporina,Dinictis_felina,Diplobune_sp.,Dorudon_atrox,Ectoconus_ditrigonus,Ectoganus_copei,Eoryctes_melanus,Eotylopus_sp.,Heptodon_posticus,Homacodon_vagans,Hyaenodon_horridus,Hyopsodus_lepidus,Hyopsodus_miticulus,Hyopsodus_paulus,Hyrachyus_modestus,Xenicohippus_osborni,Ignacius_graybullianus,Labidolemur_kayi,Leptictis_sp.,Leptolambda_schmidti,Leptotragulus_sp.,Loxolophus_priscus,Meniscotherium_chamense,Mesatirhinus_junius,Mesonyx_obtusidens,Metacheiromys_marshi,Miacis_sylvestris,Microchoerus_erinaceus,Microsyops_annectens,Moeritherium_lyonsi,Mouillacitherium_elegans,Necrolemur_antiquus,Notharctus_tenebrosus,Notostylops_murinus,Oldfieldthomasia_debilitata,Onychodectes_tisonensis,Oodectes_herpestoides,Oxacron_sp.,Palaeophyllophora_oltina,Palaeophyllophora_quercyi,Palaeosyops_robustus,Pantolambda_bathmodon,Paramys_copei,Paramys_delicatus,Phenacodus_primaevus,Phenacodus_wortmani,Plesiadapis_cookei,Plesiadapis_tricuspidens,Pleuraspidotherium_aumonieri,Prohesperocyon_wilsoni,Prorastomus_sirenoides,Protoreodon_petersoni,Protylopus_sp.,Pseudotomus_hians,Pseudotomus_horribilis,Pseudotomus_oweni,Pseudotomus_petersoni,Pterodon_dasyuroides,Rapamys_atramontis,Reithroparamys_delicatissimus,Rhyphodon_lankesteri,Robiacina_lavergnensis,Rodhocetus_kasrani,Rooneyia_viejaensis,Saghacetus_osiris,Seggeurius_amourensis,Sinopa_lania,Smilodectes_gracilis,Tapirulus_hyracinus,Tetheopsis_ingens,Tetraclaenodon_pliciferus,Thinocyon_velox,Titanoides_primaevus,Tritemnodon_agilis,Trogosus_grangeri,Trogosus_hillsii,Uintatherium_anceps,Viverravus_minutus,Vulpavus_ovatus,Vulpavus_profectus,Xenicohippus_sp.,Zalambdalestes_lechei,Zygorhiza_kochii"
25,2.250862579,0,Mesozoic,Zalambdalestes_lechei
26,3.471928523,1.106729945,Mesozoic,"Acmeodon_secans,Adapis_parisiensis,Agriochoerus_sp.,Alcidedorbignya_inopinata,Amynodon_advenus,Anisonchus_sectorus,Anoplotherium_sp.,Arctocyon_primaevus,Arctocyonides_arenae,Basilosaurus_cetoides,Basilosaurus_isis,Bathygenys_reevesi,Cebochoerus_sp.,Chriacus_baldwini,Claenodon_ferox,Coryphodon_elephantopus,Coryphodon_hamatus,Cynohyaenodon_cayluxi,Dacrytherium_sp.,Dalanistes_ahmedi,Diacodexis_ilicis,Dichobune_leporina,Dinictis_felina,Diplobune_sp.,Dorudon_atrox,Ectoconus_ditrigonus,Ectoganus_copei,Eoryctes_melanus,Eotylopus_sp.,Heptodon_posticus,Homacodon_vagans,Hyaenodon_horridus,Hyopsodus_lepidus,Hyopsodus_miticulus,Hyopsodus_paulus,Hyrachyus_modestus,Xenicohippus_osborni,Ignacius_graybullianus,Labidolemur_kayi,Leptictis_sp.,Leptolambda_schmidti,Leptotragulus_sp.,Loxolophus_priscus,Meniscotherium_chamense,Mesatirhinus_junius,Mesonyx_obtusidens,Metacheiromys_marshi,Miacis_sylvestris,Microchoerus_erinaceus,Microsyops_annectens,Moeritherium_lyonsi,Mouillacitherium_elegans,Necrolemur_antiquus,Notharctus_tenebrosus,Notostylops_murinus,Oldfieldthomasia_debilitata,Onychodectes_tisonensis,Oodectes_herpestoides,Oxacron_sp.,Palaeophyllophora_oltina,Palaeophyllophora_quercyi,Palaeosyops_robustus,Pantolambda_bathmodon,Paramys_copei,Paramys_delicatus,Phenacodus_primaevus,Phenacodus_wortmani,Plesiadapis_cookei,Plesiadapis_tricuspidens,Pleuraspidotherium_aumonieri,Prohesperocyon_wilsoni,Prorastomus_sirenoides,Protoreodon_petersoni,Protylopus_sp.,Pseudotomus_hians,Pseudotomus_horribilis,Pseudotomus_oweni,Pseudotomus_petersoni,Pterodon_dasyuroides,Rapamys_atramontis,Reithroparamys_delicatissimus,Rhyphodon_lankesteri,Robiacina_lavergnensis,Rodhocetus_kasrani,Rooneyia_viejaensis,Saghacetus_osiris,Seggeurius_amourensis,Sinopa_lania,Smilodectes_gracilis,Tapirulus_hyracinus,Tetheopsis_ingens,Tetraclaenodon_pliciferus,Thinocyon_velox,Titanoides_primaevus,Tritemnodon_agilis,Trogosus_grangeri,Trogosus_hillsii,Uintatherium_anceps,Viverravus_minutus,Vulpavus_ovatus,Vulpavus_profectus,Xenicohippus_sp.,Zygorhiza_kochii"
27,4.983651035,2.38411017,Internal,"Moeritherium_lyonsi,Prorastomus_sirenoides,Seggeurius_amourensis"
28,4.98797584,2.388998946,Eocene crown groups,Seggeurius_amourensis
29,6.858552033,3.824319929,Internal,"Moeritherium_lyonsi,Prorastomus_sirenoides"
30,6.717480397,3.842992057,Eocene crown groups,Moeritherium_lyonsi
31,6.588485581,3.771479874,Eocene crown groups,Prorastomus_sirenoides
32,3.464035214,1.095158468,Eocene stem groups,Leptictis_sp.
33,-3.46351121,-1.0953037,Eocene stem groups,Eoryctes_melanus
34,4.688859921,1.244032684,Mesozoic,"Ectoganus_copei,Onychodectes_tisonensis"
35,4.692406298,1.250562296,Paleocene,Onychodectes_tisonensis
36,5.929172374,2.450201637,Eocene stem groups,Ectoganus_copei
37,3.467316177,1.099677534,Mesozoic,"Acmeodon_secans,Adapis_parisiensis,Agriochoerus_sp.,Alcidedorbignya_inopinata,Amynodon_advenus,Anisonchus_sectorus,Anoplotherium_sp.,Arctocyon_primaevus,Arctocyonides_arenae,Basilosaurus_cetoides,Basilosaurus_isis,Bathygenys_reevesi,Cebochoerus_sp.,Chriacus_baldwini,Claenodon_ferox,Coryphodon_elephantopus,Coryphodon_hamatus,Cynohyaenodon_cayluxi,Dacrytherium_sp.,Dalanistes_ahmedi,Diacodexis_ilicis,Dichobune_leporina,Dinictis_felina,Diplobune_sp.,Dorudon_atrox,Ectoconus_ditrigonus,Eotylopus_sp.,Heptodon_posticus,Homacodon_vagans,Hyaenodon_horridus,Hyopsodus_lepidus,Hyopsodus_miticulus,Hyopsodus_paulus,Hyrachyus_modestus,Xenicohippus_osborni,Ignacius_graybullianus,Labidolemur_kayi,Leptolambda_schmidti,Leptotragulus_sp.,Loxolophus_priscus,Meniscotherium_chamense,Mesatirhinus_junius,Mesonyx_obtusidens,Metacheiromys_marshi,Miacis_sylvestris,Microchoerus_erinaceus,Microsyops_annectens,Mouillacitherium_elegans,Necrolemur_antiquus,Notharctus_tenebrosus,Notostylops_murinus,Oldfieldthomasia_debilitata,Oodectes_herpestoides,Oxacron_sp.,Palaeophyllophora_oltina,Palaeophyllophora_quercyi,Palaeosyops_robustus,Pantolambda_bathmodon,Paramys_copei,Paramys_delicatus,Phenacodus_primaevus,Phenacodus_wortmani,Plesiadapis_cookei,Plesiadapis_tricuspidens,Pleuraspidotherium_aumonieri,Prohesperocyon_wilsoni,Protoreodon_petersoni,Protylopus_sp.,Pseudotomus_hians,Pseudotomus_horribilis,Pseudotomus_oweni,Pseudotomus_petersoni,Pterodon_dasyuroides,Rapamys_atramontis,Reithroparamys_delicatissimus,Rhyphodon_lankesteri,Robiacina_lavergnensis,Rodhocetus_kasrani,Rooneyia_viejaensis,Saghacetus_osiris,Sinopa_lania,Smilodectes_gracilis,Tapirulus_hyracinus,Tetheopsis_ingens,Tetraclaenodon_pliciferus,Thinocyon_velox,Titanoides_primaevus,Tritemnodon_agilis,Trogosus_grangeri,Trogosus_hillsii,Uintatherium_anceps,Viverravus_minutus,Vulpavus_ovatus,Vulpavus_profectus,Xenicohippus_sp.,Zygorhiza_kochii"
38,3.460475638,1.099195604,Mesozoic,"Adapis_parisiensis,Ignacius_graybullianus,Labidolemur_kayi,Microchoerus_erinaceus,Microsyops_annectens,Necrolemur_antiquus,Notharctus_tenebrosus,Paramys_copei,Paramys_delicatus,Plesiadapis_cookei,Plesiadapis_tricuspidens,Pseudotomus_hians,Pseudotomus_horribilis,Pseudotomus_oweni,Pseudotomus_petersoni,Rapamys_atramontis,Reithroparamys_delicatissimus,Rooneyia_viejaensis,Smilodectes_gracilis"
39,-3.458056381,-1.098894921,Paleocene,Labidolemur_kayi
40,3.461075775,1.113434362,Internal,"Paramys_copei,Paramys_delicatus,Pseudotomus_hians,Pseudotomus_horribilis,Pseudotomus_oweni,Pseudotomus_petersoni,Rapamys_atramontis,Reithroparamys_delicatissimus"
41,3.477293523,1.142252147,Paleocene,"Paramys_copei,Paramys_delicatus,Pseudotomus_hians,Pseudotomus_horribilis,Pseudotomus_oweni,Pseudotomus_petersoni"
42,-3.481521766,1.138820574,Internal,"Paramys_copei,Paramys_delicatus"
43,-3.484743464,-1.154678997,Eocene crown groups,Paramys_copei
44,3.477013707,1.146646956,Eocene crown groups,Paramys_delicatus
45,3.525948682,1.190702259,Internal,"Pseudotomus_hians,Pseudotomus_horribilis,Pseudotomus_oweni,Pseudotomus_petersoni"
46,-3.487128915,1.12919881,Eocene crown groups,Pseudotomus_hians
47,3.497808536,1.131710902,Eocene crown groups,Pseudotomus_horribilis
48,3.484060304,-1.129698172,Eocene crown groups,Pseudotomus_oweni
49,3.485003616,1.133043243,Eocene crown groups,Pseudotomus_petersoni
50,-3.462776979,1.103806422,Internal,"Rapamys_atramontis,Reithroparamys_delicatissimus"
51,3.459749208,1.100861468,Eocene crown groups,Rapamys_atramontis
52,-3.462650801,1.103139906,Eocene crown groups,Reithroparamys_delicatissimus
53,3.459043611,1.093778396,Internal,"Adapis_parisiensis,Ignacius_graybullianus,Microchoerus_erinaceus,Microsyops_annectens,Necrolemur_antiquus,Notharctus_tenebrosus,Plesiadapis_cookei,Plesiadapis_tricuspidens,Rooneyia_viejaensis,Smilodectes_gracilis"
54,3.456377344,1.091707642,Eocene stem groups,Microsyops_annectens
55,3.460684771,1.092564299,Paleocene,"Adapis_parisiensis,Ignacius_graybullianus,Microchoerus_erinaceus,Necrolemur_antiquus,Notharctus_tenebrosus,Plesiadapis_cookei,Plesiadapis_tricuspidens,Rooneyia_viejaensis,Smilodectes_gracilis"
56,3.492249216,-1.095965804,Paleocene,"Ignacius_graybullianus,Plesiadapis_cookei,Plesiadapis_tricuspidens"
57,-3.518184021,-1.101154497,Eocene stem groups,Ignacius_graybullianus
58,3.602120251,1.097301015,Paleocene,"Plesiadapis_cookei,Plesiadapis_tricuspidens"
59,3.521403395,1.093225403,Paleocene,Plesiadapis_cookei
60,3.516567365,1.09356834,Paleocene,Plesiadapis_tricuspidens
61,3.454075329,1.091934344,Paleocene,"Adapis_parisiensis,Microchoerus_erinaceus,Necrolemur_antiquus,Notharctus_tenebrosus,Rooneyia_viejaensis,Smilodectes_gracilis"
62,-3.452984059,-1.090257347,Internal,"Microchoerus_erinaceus,Necrolemur_antiquus,Rooneyia_viejaensis"
63,-3.450865007,1.09176432,Eocene crown groups,Rooneyia_viejaensis
64,-3.453868214,-1.097450703,Eocene crown groups,"Microchoerus_erinaceus,Necrolemur_antiquus"
65,-3.452873517,-1.096018308,Eocene crown groups,Necrolemur_antiquus
66,3.452392459,1.092918803,Eocene crown groups,Microchoerus_erinaceus
67,3.456919284,1.093568305,Internal,"Adapis_parisiensis,Notharctus_tenebrosus,Smilodectes_gracilis"
68,3.453251234,1.086795651,Eocene crown groups,Adapis_parisiensis
69,3.460694362,1.093491307,Eocene crown groups,"Notharctus_tenebrosus,Smilodectes_gracilis"
70,3.462776979,1.089883643,Eocene crown groups,Notharctus_tenebrosus
71,-3.460753667,1.090389486,Eocene crown groups,Smilodectes_gracilis
72,3.48738761,-1.111771066,Mesozoic,"Acmeodon_secans,Agriochoerus_sp.,Alcidedorbignya_inopinata,Amynodon_advenus,Anisonchus_sectorus,Anoplotherium_sp.,Arctocyon_primaevus,Arctocyonides_arenae,Basilosaurus_cetoides,Basilosaurus_isis,Bathygenys_reevesi,Cebochoerus_sp.,Chriacus_baldwini,Claenodon_ferox,Coryphodon_elephantopus,Coryphodon_hamatus,Cynohyaenodon_cayluxi,Dacrytherium_sp.,Dalanistes_ahmedi,Diacodexis_ilicis,Dichobune_leporina,Dinictis_felina,Diplobune_sp.,Dorudon_atrox,Ectoconus_ditrigonus,Eotylopus_sp.,Heptodon_posticus,Homacodon_vagans,Hyaenodon_horridus,Hyopsodus_lepidus,Hyopsodus_miticulus,Hyopsodus_paulus,Hyrachyus_modestus,Xenicohippus_osborni,Leptolambda_schmidti,Leptotragulus_sp.,Loxolophus_priscus,Meniscotherium_chamense,Mesatirhinus_junius,Mesonyx_obtusidens,Metacheiromys_marshi,Miacis_sylvestris,Mouillacitherium_elegans,Notostylops_murinus,Oldfieldthomasia_debilitata,Oodectes_herpestoides,Oxacron_sp.,Palaeophyllophora_oltina,Palaeophyllophora_quercyi,Palaeosyops_robustus,Pantolambda_bathmodon,Phenacodus_primaevus,Phenacodus_wortmani,Pleuraspidotherium_aumonieri,Prohesperocyon_wilsoni,Protoreodon_petersoni,Protylopus_sp.,Pterodon_dasyuroides,Rhyphodon_lankesteri,Robiacina_lavergnensis,Rodhocetus_kasrani,Saghacetus_osiris,Sinopa_lania,Tapirulus_hyracinus,Tetheopsis_ingens,Tetraclaenodon_pliciferus,Thinocyon_velox,Titanoides_primaevus,Tritemnodon_agilis,Trogosus_grangeri,Trogosus_hillsii,Uintatherium_anceps,Viverravus_minutus,Vulpavus_ovatus,Vulpavus_profectus,Xenicohippus_sp.,Zygorhiza_kochii"
73,3.480958938,1.105436706,Paleocene,Acmeodon_secans
74,-3.480339818,-1.105436706,Internal,"Palaeophyllophora_oltina,Palaeophyllophora_quercyi"
75,-3.481217686,1.105983121,Eocene crown groups,Palaeophyllophora_oltina
76,-3.48151887,-1.106253741,Eocene crown groups,Palaeophyllophora_quercyi
77,4.956358406,2.372822768,Mesozoic,"Agriochoerus_sp.,Alcidedorbignya_inopinata,Amynodon_advenus,Anisonchus_sectorus,Anoplotherium_sp.,Arctocyon_primaevus,Arctocyonides_arenae,Basilosaurus_cetoides,Basilosaurus_isis,Bathygenys_reevesi,Cebochoerus_sp.,Chriacus_baldwini,Claenodon_ferox,Coryphodon_elephantopus,Coryphodon_hamatus,Cynohyaenodon_cayluxi,Dacrytherium_sp.,Dalanistes_ahmedi,Diacodexis_ilicis,Dichobune_leporina,Dinictis_felina,Diplobune_sp.,Dorudon_atrox,Ectoconus_ditrigonus,Eotylopus_sp.,Heptodon_posticus,Homacodon_vagans,Hyaenodon_horridus,Hyopsodus_lepidus,Hyopsodus_miticulus,Hyopsodus_paulus,Hyrachyus_modestus,Xenicohippus_osborni,Leptolambda_schmidti,Leptotragulus_sp.,Loxolophus_priscus,Meniscotherium_chamense,Mesatirhinus_junius,Mesonyx_obtusidens,Metacheiromys_marshi,Miacis_sylvestris,Mouillacitherium_elegans,Notostylops_murinus,Oldfieldthomasia_debilitata,Oodectes_herpestoides,Oxacron_sp.,Palaeosyops_robustus,Pantolambda_bathmodon,Phenacodus_primaevus,Phenacodus_wortmani,Pleuraspidotherium_aumonieri,Prohesperocyon_wilsoni,Protoreodon_petersoni,Protylopus_sp.,Pterodon_dasyuroides,Rhyphodon_lankesteri,Robiacina_lavergnensis,Rodhocetus_kasrani,Saghacetus_osiris,Sinopa_lania,Tapirulus_hyracinus,Tetheopsis_ingens,Tetraclaenodon_pliciferus,Thinocyon_velox,Titanoides_primaevus,Tritemnodon_agilis,Trogosus_grangeri,Trogosus_hillsii,Uintatherium_anceps,Viverravus_minutus,Vulpavus_ovatus,Vulpavus_profectus,Xenicohippus_sp.,Zygorhiza_kochii"
78,4.953543369,2.375159536,Mesozoic,"Cynohyaenodon_cayluxi,Dinictis_felina,Hyaenodon_horridus,Metacheiromys_marshi,Miacis_sylvestris,Oodectes_herpestoides,Prohesperocyon_wilsoni,Pterodon_dasyuroides,Sinopa_lania,Thinocyon_velox,Tritemnodon_agilis,Viverravus_minutus,Vulpavus_ovatus,Vulpavus_profectus"
79,4.952844545,2.373144781,Eocene stem groups,Metacheiromys_marshi
80,4.967883132,2.418502926,Internal,"Cynohyaenodon_cayluxi,Dinictis_felina,Hyaenodon_horridus,Miacis_sylvestris,Oodectes_herpestoides,Prohesperocyon_wilsoni,Pterodon_dasyuroides,Sinopa_lania,Thinocyon_velox,Tritemnodon_agilis,Viverravus_minutus,Vulpavus_ovatus,Vulpavus_profectus"
81,-4.968645135,-2.419500624,Paleocene,"Dinictis_felina,Miacis_sylvestris,Oodectes_herpestoides,Prohesperocyon_wilsoni,Viverravus_minutus,Vulpavus_ovatus,Vulpavus_profectus"
82,4.974034241,2.426092409,Internal,"Dinictis_felina,Miacis_sylvestris,Oodectes_herpestoides,Prohesperocyon_wilsoni,Vulpavus_ovatus,Vulpavus_profectus"
83,4.987639197,2.454551923,Eocene stem groups,"Dinictis_felina,Miacis_sylvestris,Prohesperocyon_wilsoni,Vulpavus_ovatus,Vulpavus_profectus"
84,-5.043146352,-2.696814041,Eocene stem groups,"Dinictis_felina,Miacis_sylvestris,Prohesperocyon_wilsoni"
85,5.236344868,3.569825663,Eocene stem groups,"Dinictis_felina,Prohesperocyon_wilsoni"
86,5.252623463,3.506559528,Eocene crown groups,Prohesperocyon_wilsoni
87,5.150333335,3.452696705,Eocene crown groups,Dinictis_felina
88,-5.047148395,-2.698296706,Eocene stem groups,Miacis_sylvestris
89,4.987567706,2.455437113,Eocene stem groups,"Vulpavus_ovatus,Vulpavus_profectus"
90,4.985979543,2.452363527,Eocene stem groups,Vulpavus_ovatus
91,-4.984872444,2.450107179,Eocene stem groups,Vulpavus_profectus
92,-4.970822403,2.422360907,Eocene stem groups,Oodectes_herpestoides
93,-4.96616589,-2.418056811,Eocene stem groups,Viverravus_minutus
94,5.15088677,2.591000265,Paleocene,"Cynohyaenodon_cayluxi,Hyaenodon_horridus,Pterodon_dasyuroides,Sinopa_lania,Thinocyon_velox,Tritemnodon_agilis"
95,6.1691285,2.617892159,Eocene stem groups,Pterodon_dasyuroides
96,5.147754811,2.585753136,Internal,"Cynohyaenodon_cayluxi,Sinopa_lania,Tritemnodon_agilis"
97,-5.151401108,-2.592398583,Eocene stem groups,"Cynohyaenodon_cayluxi,Sinopa_lania"
98,-5.145618211,-2.584314296,Eocene stem groups,Cynohyaenodon_cayluxi
99,5.150151643,-2.588851526,Eocene stem groups,Sinopa_lania
100,5.149564089,2.589974515,Eocene stem groups,Tritemnodon_agilis
101,-5.259676544,-2.717945582,Internal,"Hyaenodon_horridus,Thinocyon_velox"
102,-5.285570846,-2.744251295,Eocene stem groups,Thinocyon_velox
103,5.577519245,3.164774026,Eocene stem groups,Hyaenodon_horridus
104,6.411848055,2.533162858,Mesozoic,"Agriochoerus_sp.,Alcidedorbignya_inopinata,Amynodon_advenus,Anisonchus_sectorus,Anoplotherium_sp.,Arctocyon_primaevus,Arctocyonides_arenae,Basilosaurus_cetoides,Basilosaurus_isis,Bathygenys_reevesi,Cebochoerus_sp.,Chriacus_baldwini,Claenodon_ferox,Coryphodon_elephantopus,Coryphodon_hamatus,Dacrytherium_sp.,Dalanistes_ahmedi,Diacodexis_ilicis,Dichobune_leporina,Diplobune_sp.,Dorudon_atrox,Ectoconus_ditrigonus,Eotylopus_sp.,Heptodon_posticus,Homacodon_vagans,Hyopsodus_lepidus,Hyopsodus_miticulus,Hyopsodus_paulus,Hyrachyus_modestus,Xenicohippus_osborni,Leptolambda_schmidti,Leptotragulus_sp.,Loxolophus_priscus,Meniscotherium_chamense,Mesatirhinus_junius,Mesonyx_obtusidens,Mouillacitherium_elegans,Notostylops_murinus,Oldfieldthomasia_debilitata,Oxacron_sp.,Palaeosyops_robustus,Pantolambda_bathmodon,Phenacodus_primaevus,Phenacodus_wortmani,Pleuraspidotherium_aumonieri,Protoreodon_petersoni,Protylopus_sp.,Rhyphodon_lankesteri,Robiacina_lavergnensis,Rodhocetus_kasrani,Saghacetus_osiris,Tapirulus_hyracinus,Tetheopsis_ingens,Tetraclaenodon_pliciferus,Titanoides_primaevus,Trogosus_grangeri,Trogosus_hillsii,Uintatherium_anceps,Xenicohippus_sp.,Zygorhiza_kochii"
105,8.214475123,4.142304035,Internal,"Tetheopsis_ingens,Uintatherium_anceps"
106,8.170448085,3.79851606,Eocene stem groups,Uintatherium_anceps
107,9.806055455,3.810012384,Eocene stem groups,Tetheopsis_ingens
108,6.466077298,2.904908276,Mesozoic,"Alcidedorbignya_inopinata,Coryphodon_elephantopus,Coryphodon_hamatus,Leptolambda_schmidti,Pantolambda_bathmodon,Titanoides_primaevus,Trogosus_grangeri,Trogosus_hillsii"
109,6.479228112,3.053404116,Internal,"Trogosus_grangeri,Trogosus_hillsii"
110,6.465816108,2.955245432,Eocene stem groups,Trogosus_grangeri
111,6.466067202,2.943444626,Eocene stem groups,Trogosus_hillsii
112,-6.740172688,3.086840181,Mesozoic,"Alcidedorbignya_inopinata,Coryphodon_elephantopus,Coryphodon_hamatus,Leptolambda_schmidti,Pantolambda_bathmodon,Titanoides_primaevus"
113,-6.743216594,-3.102058007,Paleocene,Alcidedorbignya_inopinata
114,7.964215678,3.280560846,Mesozoic,"Coryphodon_elephantopus,Coryphodon_hamatus,Leptolambda_schmidti,Pantolambda_bathmodon,Titanoides_primaevus"
115,8.07969814,3.28566162,Paleocene,"Leptolambda_schmidti,Pantolambda_bathmodon,Titanoides_primaevus"
116,8.101860354,3.303920373,Paleocene,"Leptolambda_schmidti,Pantolambda_bathmodon"
117,8.106908217,-3.318136375,Paleocene,Pantolambda_bathmodon
118,8.091053835,3.322124796,Paleocene,Leptolambda_schmidti
119,8.489141122,3.282049573,Paleocene,Titanoides_primaevus
120,8.004176025,3.351908151,Paleocene,"Coryphodon_elephantopus,Coryphodon_hamatus"
121,7.953291343,3.283181897,Eocene stem groups,Coryphodon_elephantopus
122,7.952945174,3.286121014,Eocene stem groups,Coryphodon_hamatus
123,6.331468605,2.522064556,Mesozoic,"Agriochoerus_sp.,Amynodon_advenus,Anisonchus_sectorus,Anoplotherium_sp.,Arctocyon_primaevus,Arctocyonides_arenae,Basilosaurus_cetoides,Basilosaurus_isis,Bathygenys_reevesi,Cebochoerus_sp.,Chriacus_baldwini,Claenodon_ferox,Dacrytherium_sp.,Dalanistes_ahmedi,Diacodexis_ilicis,Dichobune_leporina,Diplobune_sp.,Dorudon_atrox,Ectoconus_ditrigonus,Eotylopus_sp.,Heptodon_posticus,Homacodon_vagans,Hyopsodus_lepidus,Hyopsodus_miticulus,Hyopsodus_paulus,Hyrachyus_modestus,Xenicohippus_osborni,Leptotragulus_sp.,Loxolophus_priscus,Meniscotherium_chamense,Mesatirhinus_junius,Mesonyx_obtusidens,Mouillacitherium_elegans,Notostylops_murinus,Oldfieldthomasia_debilitata,Oxacron_sp.,Palaeosyops_robustus,Phenacodus_primaevus,Phenacodus_wortmani,Pleuraspidotherium_aumonieri,Protoreodon_petersoni,Protylopus_sp.,Rhyphodon_lankesteri,Robiacina_lavergnensis,Rodhocetus_kasrani,Saghacetus_osiris,Tapirulus_hyracinus,Tetraclaenodon_pliciferus,Xenicohippus_sp.,Zygorhiza_kochii"
124,6.493666013,3.623018873,Internal,"Amynodon_advenus,Heptodon_posticus,Hyrachyus_modestus,Xenicohippus_osborni,Mesatirhinus_junius,Palaeosyops_robustus,Xenicohippus_sp."
125,6.635321925,3.707268317,Paleocene,"Amynodon_advenus,Heptodon_posticus,Hyrachyus_modestus"
126,7.269567871,3.842578494,Eocene crown groups,"Amynodon_advenus,Hyrachyus_modestus"
127,7.694968553,4.02030948,Eocene crown groups,Amynodon_advenus
128,7.270307662,3.841089872,Eocene crown groups,Hyrachyus_modestus
129,6.636660703,-3.708511538,Eocene crown groups,Heptodon_posticus
130,7.755691035,3.923343578,Internal,"Mesatirhinus_junius,Palaeosyops_robustus"
131,6.975729223,3.759697985,Eocene crown groups,Palaeosyops_robustus
132,6.967640308,3.75621372,Eocene crown groups,Mesatirhinus_junius
133,6.498053503,-3.623018873,Paleocene,"Xenicohippus_osborni,Xenicohippus_sp."
134,6.495242131,3.618718825,Eocene crown groups,Xenicohippus_sp.
135,-6.496197011,-3.619753613,Eocene crown groups,Xenicohippus_osborni
136,6.322172123,2.512853723,Mesozoic,"Meniscotherium_chamense,Phenacodus_primaevus,Phenacodus_wortmani,Tetraclaenodon_pliciferus"
137,6.325861147,2.519597482,Mesozoic,"Phenacodus_primaevus,Phenacodus_wortmani,Tetraclaenodon_pliciferus"
138,-6.324674163,-2.520033066,Paleocene,Tetraclaenodon_pliciferus
139,6.327277924,2.526314548,Paleocene,"Phenacodus_primaevus,Phenacodus_wortmani"
140,6.330369104,2.52948053,Eocene stem groups,Phenacodus_primaevus
141,-6.327137975,2.521818828,Eocene stem groups,Phenacodus_wortmani
142,6.321040669,2.511819849,Eocene stem groups,Meniscotherium_chamense
143,6.32786448,2.517811298,Internal,"Notostylops_murinus,Oldfieldthomasia_debilitata,Rhyphodon_lankesteri"
144,6.328845668,2.518793145,Eocene stem groups,Notostylops_murinus
145,-6.340768695,2.530153147,Eocene stem groups,"Oldfieldthomasia_debilitata,Rhyphodon_lankesteri"
146,6.357636013,2.547126745,Eocene stem groups,Rhyphodon_lankesteri
147,-6.347575894,-2.535347096,Eocene stem groups,Oldfieldthomasia_debilitata
148,6.322196134,2.51067728,Paleocene,Pleuraspidotherium_aumonieri
149,-6.299998208,-2.500044302,Internal,"Hyopsodus_lepidus,Hyopsodus_miticulus,Hyopsodus_paulus"
150,-6.30027119,-2.499767983,Eocene stem groups,Hyopsodus_miticulus
151,-6.299195447,-2.499251103,Eocene stem groups,Hyopsodus_lepidus
152,6.29916384,2.499201165,Eocene stem groups,Hyopsodus_paulus
153,6.326087825,2.519862275,Mesozoic,"Agriochoerus_sp.,Anisonchus_sectorus,Anoplotherium_sp.,Arctocyon_primaevus,Arctocyonides_arenae,Basilosaurus_cetoides,Basilosaurus_isis,Bathygenys_reevesi,Cebochoerus_sp.,Chriacus_baldwini,Claenodon_ferox,Dacrytherium_sp.,Dalanistes_ahmedi,Diacodexis_ilicis,Dichobune_leporina,Diplobune_sp.,Dorudon_atrox,Ectoconus_ditrigonus,Eotylopus_sp.,Homacodon_vagans,Leptotragulus_sp.,Loxolophus_priscus,Mesonyx_obtusidens,Mouillacitherium_elegans,Oxacron_sp.,Protoreodon_petersoni,Protylopus_sp.,Robiacina_lavergnensis,Rodhocetus_kasrani,Saghacetus_osiris,Tapirulus_hyracinus,Zygorhiza_kochii"
154,6.556696749,2.520703445,Mesozoic,"Anisonchus_sectorus,Ectoconus_ditrigonus"
155,-6.599073648,-2.523820363,Paleocene,Anisonchus_sectorus
156,7.233103522,2.524661196,Paleocene,Ectoconus_ditrigonus
157,6.319011389,2.524923233,Mesozoic,"Agriochoerus_sp.,Anoplotherium_sp.,Arctocyon_primaevus,Arctocyonides_arenae,Basilosaurus_cetoides,Basilosaurus_isis,Bathygenys_reevesi,Cebochoerus_sp.,Chriacus_baldwini,Claenodon_ferox,Dacrytherium_sp.,Dalanistes_ahmedi,Diacodexis_ilicis,Dichobune_leporina,Diplobune_sp.,Dorudon_atrox,Eotylopus_sp.,Homacodon_vagans,Leptotragulus_sp.,Loxolophus_priscus,Mesonyx_obtusidens,Mouillacitherium_elegans,Oxacron_sp.,Protoreodon_petersoni,Protylopus_sp.,Robiacina_lavergnensis,Rodhocetus_kasrani,Saghacetus_osiris,Tapirulus_hyracinus,Zygorhiza_kochii"
158,6.331477835,2.725761459,Eocene stem groups,Mesonyx_obtusidens
159,6.23888781,-2.525639878,Mesozoic,"Agriochoerus_sp.,Anoplotherium_sp.,Arctocyon_primaevus,Arctocyonides_arenae,Basilosaurus_cetoides,Basilosaurus_isis,Bathygenys_reevesi,Cebochoerus_sp.,Chriacus_baldwini,Claenodon_ferox,Dacrytherium_sp.,Dalanistes_ahmedi,Diacodexis_ilicis,Dichobune_leporina,Diplobune_sp.,Dorudon_atrox,Eotylopus_sp.,Homacodon_vagans,Leptotragulus_sp.,Loxolophus_priscus,Mouillacitherium_elegans,Oxacron_sp.,Protoreodon_petersoni,Protylopus_sp.,Robiacina_lavergnensis,Rodhocetus_kasrani,Saghacetus_osiris,Tapirulus_hyracinus,Zygorhiza_kochii"
160,6.240437178,-2.530684184,Mesozoic,"Arctocyon_primaevus,Arctocyonides_arenae,Chriacus_baldwini,Claenodon_ferox,Loxolophus_priscus"
161,-6.23701772,-2.526492489,Paleocene,Chriacus_baldwini
162,6.249443935,2.536225273,Mesozoic,"Arctocyon_primaevus,Arctocyonides_arenae,Claenodon_ferox,Loxolophus_priscus"
163,-6.24934025,-2.541130107,Paleocene,Loxolophus_priscus
164,6.27770022,2.561037423,Internal,"Arctocyon_primaevus,Arctocyonides_arenae,Claenodon_ferox"
165,6.275195163,2.563907812,Paleocene,Claenodon_ferox
166,6.27748556,2.548613267,Paleocene,"Arctocyon_primaevus,Arctocyonides_arenae"
167,-6.284272921,-2.55313877,Paleocene,Arctocyonides_arenae
168,6.286542831,2.551589923,Paleocene,Arctocyon_primaevus
169,-6.063775776,2.523424681,Mesozoic,"Agriochoerus_sp.,Anoplotherium_sp.,Basilosaurus_cetoides,Basilosaurus_isis,Bathygenys_reevesi,Cebochoerus_sp.,Dacrytherium_sp.,Dalanistes_ahmedi,Diacodexis_ilicis,Dichobune_leporina,Diplobune_sp.,Dorudon_atrox,Eotylopus_sp.,Homacodon_vagans,Leptotragulus_sp.,Mouillacitherium_elegans,Oxacron_sp.,Protoreodon_petersoni,Protylopus_sp.,Robiacina_lavergnensis,Rodhocetus_kasrani,Saghacetus_osiris,Tapirulus_hyracinus,Zygorhiza_kochii"
170,-5.947850312,-2.514957698,Paleocene,"Diacodexis_ilicis,Dichobune_leporina,Homacodon_vagans,Mouillacitherium_elegans"
171,-5.928095439,-2.515297831,Paleocene,"Diacodexis_ilicis,Dichobune_leporina,Mouillacitherium_elegans"
172,-5.922812638,2.510393636,Eocene crown groups,Mouillacitherium_elegans
173,-5.926696925,-2.518116475,Paleocene,"Diacodexis_ilicis,Dichobune_leporina"
174,-5.926758154,-2.518834719,Eocene crown groups,Diacodexis_ilicis
175,5.920915552,2.512605029,Eocene crown groups,Dichobune_leporina
176,-5.943777562,2.512156469,Eocene crown groups,Homacodon_vagans
177,-6.058460787,2.518142919,Eocene crown groups,Tapirulus_hyracinus
178,6.069983486,2.540341933,Paleocene,"Agriochoerus_sp.,Anoplotherium_sp.,Basilosaurus_cetoides,Basilosaurus_isis,Bathygenys_reevesi,Cebochoerus_sp.,Dacrytherium_sp.,Dalanistes_ahmedi,Diplobune_sp.,Dorudon_atrox,Eotylopus_sp.,Leptotragulus_sp.,Oxacron_sp.,Protoreodon_petersoni,Protylopus_sp.,Robiacina_lavergnensis,Rodhocetus_kasrani,Saghacetus_osiris,Zygorhiza_kochii"
179,6.072425058,2.546010638,Internal,"Anoplotherium_sp.,Bathygenys_reevesi,Dacrytherium_sp.,Diplobune_sp.,Eotylopus_sp.,Leptotragulus_sp.,Protylopus_sp."
180,-6.059040256,-2.545337202,Eocene crown groups,"Bathygenys_reevesi,Eotylopus_sp.,Leptotragulus_sp.,Protylopus_sp."
181,-6.05470132,-2.539751224,Eocene crown groups,Bathygenys_reevesi
182,6.05284068,2.542832402,Eocene crown groups,"Eotylopus_sp.,Leptotragulus_sp.,Protylopus_sp."
183,6.050606978,2.540154781,Eocene crown groups,Leptotragulus_sp.
184,-6.051530701,-2.544180967,Eocene crown groups,"Eotylopus_sp.,Protylopus_sp."
185,6.048797295,2.542145399,Eocene crown groups,Eotylopus_sp.
186,-6.051098003,-2.544930981,Eocene crown groups,Protylopus_sp.
187,6.182722989,2.636032825,Eocene crown groups,"Anoplotherium_sp.,Dacrytherium_sp.,Diplobune_sp."
188,-6.185270121,2.622268361,Eocene crown groups,"Dacrytherium_sp.,Diplobune_sp."
189,6.184504818,2.621067773,Eocene crown groups,Diplobune_sp.
190,-6.190247404,-2.624926491,Eocene crown groups,Dacrytherium_sp.
191,6.226276059,2.708629409,Eocene crown groups,Anoplotherium_sp.
192,-6.104028334,2.603534047,Internal,"Agriochoerus_sp.,Basilosaurus_cetoides,Basilosaurus_isis,Cebochoerus_sp.,Dalanistes_ahmedi,Dorudon_atrox,Oxacron_sp.,Protoreodon_petersoni,Robiacina_lavergnensis,Rodhocetus_kasrani,Saghacetus_osiris,Zygorhiza_kochii"
193,6.100599756,2.599123747,Eocene crown groups,Cebochoerus_sp.
194,-6.212366209,-2.99231783,Eocene crown groups,"Agriochoerus_sp.,Basilosaurus_cetoides,Basilosaurus_isis,Dalanistes_ahmedi,Dorudon_atrox,Oxacron_sp.,Protoreodon_petersoni,Robiacina_lavergnensis,Rodhocetus_kasrani,Saghacetus_osiris,Zygorhiza_kochii"
195,-6.187723541,-2.982217945,Eocene crown groups,"Agriochoerus_sp.,Oxacron_sp.,Protoreodon_petersoni,Robiacina_lavergnensis"
196,6.188417211,2.993398269,Eocene crown groups,"Agriochoerus_sp.,Protoreodon_petersoni"
197,6.186238171,2.984237626,Eocene crown groups,Agriochoerus_sp.
198,6.185832863,2.980772002,Eocene crown groups,Protoreodon_petersoni
199,-6.185598807,-2.993444008,Eocene crown groups,"Oxacron_sp.,Robiacina_lavergnensis"
200,-6.184929841,-2.980653851,Eocene crown groups,Robiacina_lavergnensis
201,-6.184902923,-2.978663064,Eocene crown groups,Oxacron_sp.
202,8.860027243,5.039980791,Eocene crown groups,"Basilosaurus_cetoides,Basilosaurus_isis,Dalanistes_ahmedi,Dorudon_atrox,Rodhocetus_kasrani,Saghacetus_osiris,Zygorhiza_kochii"
203,7.735507921,4.608862394,Eocene crown groups,Dalanistes_ahmedi
204,7.855733004,4.80464213,Eocene crown groups,"Basilosaurus_cetoides,Basilosaurus_isis,Dorudon_atrox,Rodhocetus_kasrani,Saghacetus_osiris,Zygorhiza_kochii"
205,7.857308572,4.800754748,Eocene crown groups,Rodhocetus_kasrani
206,8.88993631,5.94311439,Eocene crown groups,"Basilosaurus_cetoides,Basilosaurus_isis,Dorudon_atrox,Saghacetus_osiris,Zygorhiza_kochii"
207,10.43043647,6.339922,Eocene crown groups,"Basilosaurus_cetoides,Basilosaurus_isis"
208,9.312924517,6.057996817,Eocene crown groups,Basilosaurus_cetoides
209,9.316177328,6.076388632,Eocene crown groups,Basilosaurus_isis
210,8.894188333,5.906155803,Eocene crown groups,"Dorudon_atrox,Saghacetus_osiris,Zygorhiza_kochii"
211,8.895563134,5.9015644,Eocene crown groups,Dorudon_atrox
212,-8.899117052,5.905813135,Eocene crown groups,"Saghacetus_osiris,Zygorhiza_kochii"
213,8.898343052,5.907975828,Eocene crown groups,Zygorhiza_kochii
214,-8.90689862,-5.9108629,Eocene crown groups,Saghacetus_osiris